{
  "parent": "minecraft:item/generated",
  "textures": {
    "layer0": "minecraft:item/flint"
  },
  "overrides": [
    {
      "predicate": {
        "custom_model_data": 1
      },
      "model": "minecraft:item/america"
    },
    {
      "predicate": {
        "custom_model_data": 2
      },
      "model": "minecraft:item/shalocoin"
    },
    {
      "predicate": {
        "custom_model_data": 3
      },
      "model": "minecraft:item/fl"
    },
        {
      "predicate": {
        "custom_model_data": 4
      },
      "model": "minecraft:item/fork"
    }
  ]
}