{
	"format_version": "1.9.0",
	"credit": "Made with Blockbench",
	"textures": {
		"0": "item/fork",
		"particle": "item/fork"
	},
	"elements": [
		{
			"from": [-8, 0, 6.5],
			"to": [9, 1, 7.5],
			"rotation": {"angle": 0, "axis": "x", "origin": [1, 0, 7]},
			"faces": {
				"north": {"uv": [0.25, 0.25, 0.75, 0.75], "texture": "#0"},
				"east": {"uv": [1.25, 0.25, 1.75, 0.75], "texture": "#0"},
				"south": {"uv": [2.25, 0.25, 2.75, 0.75], "texture": "#0"},
				"west": {"uv": [3.25, 0.25, 3.75, 0.75], "texture": "#0"},
				"up": {"uv": [4.25, 0.25, 4.75, 0.75], "texture": "#0"},
				"down": {"uv": [5.25, 0.25, 5.75, 0.75], "texture": "#0"}
			}
		},
		{
			"from": [9, 0, 4.75],
			"to": [9.5, 1, 9.25],
			"rotation": {"angle": 0, "axis": "y", "origin": [9, 0, 6]},
			"faces": {
				"north": {"uv": [0, 0, 0.5, 1], "texture": "#0"},
				"east": {"uv": [0, 0, 4.5, 1], "texture": "#0"},
				"south": {"uv": [0, 0, 0.5, 1], "texture": "#0"},
				"west": {"uv": [0, 0, 4.5, 1], "texture": "#0"},
				"up": {"uv": [0, 0, 0.5, 4.5], "texture": "#0"},
				"down": {"uv": [0, 0, 0.5, 4.5], "texture": "#0"}
			}
		},
		{
			"from": [9.5, 0, 6.75],
			"to": [15.5, 1, 7.25],
			"rotation": {"angle": 0, "axis": "y", "origin": [13.5, 0, 6.75]},
			"faces": {
				"north": {"uv": [0, 0, 6, 1], "texture": "#0"},
				"east": {"uv": [0, 0, 0.5, 1], "texture": "#0"},
				"south": {"uv": [0, 0, 6, 1], "texture": "#0"},
				"west": {"uv": [0, 0, 0.5, 1], "texture": "#0"},
				"up": {"uv": [0, 0, 0.5, 6], "rotation": 90, "texture": "#0"},
				"down": {"uv": [0, 0, 0.5, 6], "rotation": 270, "texture": "#0"}
			}
		},
		{
			"from": [9.5, 0, 5.75],
			"to": [15.5, 1, 6.25],
			"rotation": {"angle": 0, "axis": "y", "origin": [13.5, 0, 5.75]},
			"faces": {
				"north": {"uv": [0, 0, 6, 1], "texture": "#0"},
				"east": {"uv": [0, 0, 0.5, 1], "texture": "#0"},
				"south": {"uv": [0, 0, 6, 1], "texture": "#0"},
				"west": {"uv": [0, 0, 0.5, 1], "texture": "#0"},
				"up": {"uv": [0, 0, 0.5, 6], "rotation": 90, "texture": "#0"},
				"down": {"uv": [0, 0, 0.5, 6], "rotation": 270, "texture": "#0"}
			}
		},
		{
			"from": [9.5, 0, 4.75],
			"to": [15.5, 1, 5.25],
			"rotation": {"angle": 0, "axis": "y", "origin": [13.5, 0, 4.75]},
			"faces": {
				"north": {"uv": [0, 0, 6, 1], "texture": "#0"},
				"east": {"uv": [0, 0, 0.5, 1], "texture": "#0"},
				"south": {"uv": [0, 0, 6, 1], "texture": "#0"},
				"west": {"uv": [0, 0, 0.5, 1], "texture": "#0"},
				"up": {"uv": [0, 0, 0.5, 6], "rotation": 90, "texture": "#0"},
				"down": {"uv": [0, 0, 0.5, 6], "rotation": 270, "texture": "#0"}
			}
		},
		{
			"from": [9.5, 0, 7.75],
			"to": [15.5, 1, 8.25],
			"rotation": {"angle": 0, "axis": "y", "origin": [13.5, 0, 7.75]},
			"faces": {
				"north": {"uv": [0, 0, 6, 1], "texture": "#0"},
				"east": {"uv": [0, 0, 0.5, 1], "texture": "#0"},
				"south": {"uv": [0, 0, 6, 1], "texture": "#0"},
				"west": {"uv": [0, 0, 0.5, 1], "texture": "#0"},
				"up": {"uv": [0, 0, 0.5, 6], "rotation": 90, "texture": "#0"},
				"down": {"uv": [0, 0, 0.5, 6], "rotation": 270, "texture": "#0"}
			}
		},
		{
			"from": [9.5, 0, 8.75],
			"to": [15.5, 1, 9.25],
			"rotation": {"angle": 0, "axis": "y", "origin": [13.5, 0, 8.75]},
			"faces": {
				"north": {"uv": [0, 0, 6, 1], "texture": "#0"},
				"east": {"uv": [0, 0, 0.5, 1], "texture": "#0"},
				"south": {"uv": [0, 0, 6, 1], "texture": "#0"},
				"west": {"uv": [0, 0, 0.5, 1], "texture": "#0"},
				"up": {"uv": [0, 0, 0.5, 6], "rotation": 90, "texture": "#0"},
				"down": {"uv": [0, 0, 0.5, 6], "rotation": 270, "texture": "#0"}
			}
		}
	],
	"display": {
		"thirdperson_righthand": {
			"rotation": [0, 0, 90],
			"translation": [-7.5, 8.75, 2.5]
		},
		"thirdperson_lefthand": {
			"rotation": [0, 0, -90],
			"translation": [7.5, 8.75, 2.5]
		},
		"firstperson_righthand": {
			"rotation": [0, 0, 90],
			"translation": [-4.25, 3.25, -0.5],
			"scale": [1, 1, 0.65]
		},
		"firstperson_lefthand": {
			"rotation": [0, 0, -90],
			"translation": [10.25, 3.25, -0.5],
			"scale": [1, 1, 0.65]
		},
		"ground": {
			"translation": [3.75, 5, 1]
		},
		"gui": {
			"rotation": [90, 45, 0],
			"translation": [2.5, 1.5, 0],
			"scale": [0.8, 0.8, 0.8]
		},
		"head": {
			"rotation": [0, 90, 26],
			"translation": [1.25, -20.75, 10.75]
		},
		"fixed": {
			"rotation": [90, 0, 0],
			"translation": [3.5, 0, 6.5],
			"scale": [0.8, 0.8, 0.8]
		}
	}
}