{
    "sfx.minuta_poshla": {
        "sounds": [
            "sfx/minuta_poshla"
        ]
    },
    "sfx.parovozik": {
        "sounds": [
            "sfx/parovozik"
        ]
    },
    "sfx.parovozik11a": {
        "sounds": [
            "sfx/parovozik11a"
        ]
    },
    "sfx.parovozik11b": {
        "sounds": [
            "sfx/parovozik11b"
        ]
    },
    "music.america": {
        "sounds": [
            "music/america"
        ]
    },
    "sfx.shalocoin": {
        "sounds": [
            "music/shalocoin/background",
            "music/shalocoin/bb",
            "music/shalocoin/dpu",
            "music/shalocoin/hypnoshroom",
            "music/shalocoin/kukizskuragoy",
            "music/shalocoin/phonkus",
            "music/shalocoin/skibidimetal"
        ]
    },
	"sfx.deathbell": {
		"sounds": [
			"sfx/deathbell"
		]
	},
    "sfx.shalocoingen": {
        "sounds": [
            "sfx/shalocoingen"
        ]
    },
    "sfx.atm": {
        "sounds": [
            "sfx/atm"
        ]
    },
    "sfx.fork": {
        "sounds": [
            "sfx/fork1",
            "sfx/fork2",
            "sfx/fork3",
            "sfx/fork4"
        ]
    }
}